Customer_ID,Age,Gender,City,Annual_Income,Monthly_Spending,Visits_Per_Month,Online_Orders,Avg_Order_Value,Time_on_Website_Min,Discount_Usage,Satisfaction_Score
C0001,58,Male,Karachi,174194,18203,8,8,2179,289,0.09,3.6
C0002,19,Male,Lahore,151981,23474,7,6,3757,289,0.42,3.6
C0003,35,Male,Lahore,251571,90441,7,7,13009,62,0.09,2.7
C0004,40,Female,Karachi,270870,500,1,0,6701,292,0.29,4.1
C0005,41,Male,Karachi,54025,3310,5,1,1807,129,0.87,3.5
C0006,47,Female,Lahore,224081,73824,5,6,11998,46,0.61,2.9
C0007,64,Male,Lahore,272357,55743,1,5,10985,295,0.22,3.3
C0008,21,Male,Karachi,195388,60341,7,6,9792,171,0.21,3.7
C0009,59,Female,Lahore,168873,111036,11,12,9330,229,0.9,3.5
C0010,32,Male,Peshawar,288744,14698,8,7,2296,91,0.79,3.6
C0011,22,Female,Faisalabad,275392,1860,1,0,14603,15,0.68,2.8
C0012,52,Female,Islamabad,88485,5777,7,7,553,144,0.97,4.4
C0013,50,Male,Islamabad,296161,50629,6,4,12992,286,0.95,4.8
C0014,18,Female,Faisalabad,40211,36189,10,10,14126,167,0.24,3.1
C0015,54,Male,Karachi,284798,38044,11,4,9227,74,0.13,3.7
C0016,53,Male,Islamabad,251846,142603,14,11,12874,112,0.71,3.5
C0017,60,Female,Faisalabad,266708,52437,9,9,6039,293,0.23,3.1
C0018,22,Male,Lahore,65337,13385,12,8,1660,131,0.28,3.7
C0019,52,Male,Peshawar,277815,63300,8,9,7169,58,0.1,3.6
C0020,45,Female,Faisalabad,58401,500,3,0,2112,216,0.73,4.5
C0021,24,Male,Lahore,129724,16670,6,5,3506,246,0.25,4.8
C0022,46,Male,Karachi,37737,33963,14,11,14405,95,0.41,3.7
C0023,43,Male,Lahore,228691,121329,10,9,13346,242,0.29,4.2
C0024,64,Female,Lahore,129561,90914,5,9,9989,287,0.06,3.3
C0025,21,Female,Peshawar,112540,101286,11,10,14448,45,0.6,4.2
C0026,33,Female,Karachi,159087,10775,7,6,1843,299,0.52,4.8
C0027,31,Female,Lahore,169258,26947,4,5,5415,171,0.93,4.8
C0028,18,Female,Peshawar,82418,37302,9,8,4845,188,0.88,4.7
C0029,41,Female,Lahore,259734,64431,10,6,10521,280,0.01,4.5
C0030,37,Male,Lahore,168656,75148,9,8,9564,149,0.28,3.0
C0031,39,Male,Islamabad,294979,12570,1,1,14362,57,0.63,4.6
C0032,20,Male,Islamabad,98587,50385,6,4,12644,292,0.71,3.9
C0033,25,Male,Lahore,48889,17316,10,6,2926,75,0.04,3.4
C0034,20,Female,Lahore,160825,30640,6,3,9673,218,0.97,4.4
C0035,33,Male,Lahore,246161,66566,12,11,5942,220,0.8,4.7
C0036,33,Female,Lahore,86673,48177,7,6,8211,112,0.82,3.7
C0037,37,Male,Lahore,42406,16732,6,3,5064,45,0.97,3.2
C0038,59,Female,Peshawar,203617,32184,9,7,4779,145,0.04,4.0
C0039,40,Female,Faisalabad,298132,46025,12,13,3614,32,0.71,2.5
C0040,52,Male,Islamabad,256124,71460,12,12,5909,170,0.66,2.8
C0041,37,Female,Faisalabad,201013,11710,5,5,2585,225,0.66,3.4
C0042,65,Male,Peshawar,187784,21087,3,4,5478,117,0.43,3.9
C0043,59,Female,Faisalabad,261623,42511,6,5,8252,96,0.66,3.2
C0044,60,Female,Karachi,153138,17413,7,5,3762,22,0.05,5.0
C0045,57,Male,Faisalabad,247286,86735,10,7,12269,206,0.49,3.1
C0046,59,Male,Karachi,252899,131032,9,11,11901,247,0.05,3.1
C0047,25,Female,Lahore,273606,500,3,0,10255,236,0.61,4.3
C0048,50,Female,Peshawar,263787,57782,11,7,8277,142,0.75,4.6
C0049,35,Female,Lahore,173968,12135,3,3,4341,181,0.32,3.9
C0050,26,Male,Lahore,230820,2803,6,2,1552,218,0.33,3.7
C0051,21,Male,Faisalabad,234198,93240,11,8,11895,204,0.48,4.9
C0052,37,Female,Faisalabad,145625,31942,5,4,8456,209,0.34,4.2
C0053,43,Male,Faisalabad,96913,63019,11,9,6955,298,0.66,2.7
C0054,45,Male,Faisalabad,125278,35565,10,9,3967,177,0.34,4.7
C0055,35,Female,Islamabad,72942,5958,3,3,1353,189,0.22,2.7
C0056,59,Male,Karachi,159647,19949,8,7,2996,74,0.47,2.8
C0057,31,Female,Islamabad,223407,141236,10,11,12754,68,0.78,2.9
C0058,37,Male,Peshawar,43462,39115,11,8,6649,111,0.08,4.2
C0059,58,Male,Karachi,188116,16159,10,6,2483,299,0.78,3.4
C0060,45,Female,Karachi,295269,45660,7,6,7382,260,0.11,4.9
C0061,58,Female,Lahore,258320,110676,9,10,11157,285,0.77,3.7
C0062,64,Female,Islamabad,158710,89510,8,6,14944,134,0.75,3.9
C0063,60,Female,Islamabad,45047,32820,5,4,8488,191,0.8,3.4
C0064,56,Female,Peshawar,35322,23219,6,5,4454,218,0.49,4.4
C0065,62,Female,Faisalabad,264972,24436,8,6,4130,134,0.31,4.0
C0066,48,Female,Faisalabad,203429,37690,6,7,5523,128,0.12,3.0
C0067,25,Male,Lahore,143447,42636,7,4,10159,278,0.6,5.0
C0068,30,Female,Lahore,219205,63275,8,7,9251,150,0.05,2.6
C0069,36,Male,Faisalabad,83785,57290,10,7,8190,235,0.34,4.9
C0070,34,Female,Karachi,64258,57832,7,6,10812,37,0.15,4.5
C0071,37,Male,Lahore,92102,32036,5,3,10266,125,0.78,3.5
C0072,46,Female,Peshawar,254830,85836,6,8,10488,60,0.95,3.0
C0073,31,Female,Karachi,112343,25586,8,9,3064,219,0.45,4.0
C0074,36,Male,Lahore,181049,14167,6,2,7938,129,0.92,4.5
C0075,58,Male,Faisalabad,90175,6237,3,1,4852,82,0.07,2.9
C0076,37,Female,Faisalabad,95197,30237,5,4,7094,149,0.5,3.7
C0077,23,Male,Faisalabad,198989,27439,7,6,4250,20,1.0,4.2
C0078,35,Male,Lahore,276677,13914,4,3,5057,233,0.63,3.7
C0079,23,Female,Islamabad,244092,100529,5,7,14553,178,0.41,3.7
C0080,60,Female,Peshawar,49239,21658,5,4,5796,216,0.86,4.6
C0081,18,Female,Faisalabad,58418,52576,9,9,12893,236,0.76,3.0
C0082,53,Male,Islamabad,259699,8790,10,7,972,132,0.71,3.3
C0083,18,Female,Karachi,147807,98599,14,12,8060,70,0.65,2.9
C0084,63,Female,Peshawar,173353,40178,5,5,8236,243,0.55,3.5
C0085,56,Male,Karachi,174833,20030,8,3,6068,269,0.27,2.5
C0086,64,Female,Peshawar,286712,58458,10,7,8435,180,0.55,3.9
C0087,47,Female,Lahore,155202,52506,6,4,13206,32,0.32,3.7
C0088,42,Female,Lahore,289694,70542,9,7,10169,61,0.87,3.6
C0089,51,Female,Karachi,105578,13451,4,5,3029,250,0.78,3.2
C0090,57,Female,Karachi,202262,42264,11,6,6726,172,0.63,4.7
C0091,49,Male,Peshawar,65872,51011,8,10,5208,56,0.43,2.7
C0092,58,Male,Faisalabad,117223,500,5,0,1253,38,0.29,3.4
C0093,27,Male,Peshawar,246033,2002,3,1,3285,50,0.61,3.5
C0094,61,Male,Faisalabad,105034,79335,8,10,8029,14,0.9,3.7
C0095,36,Male,Karachi,261593,65429,16,12,5401,227,0.69,3.6
C0096,37,Male,Faisalabad,283340,64164,10,10,6381,161,0.99,3.2
C0097,60,Female,Islamabad,34245,14687,3,1,12700,35,0.91,4.4
C0098,36,Male,Peshawar,214717,37624,8,8,4606,80,0.63,4.8
C0099,59,Male,Islamabad,261118,22246,10,9,2653,161,0.33,3.5
C0100,30,Male,Peshawar,221814,500,1,0,14106,141,0.91,4.9
C0101,36,Female,Karachi,275540,30895,9,7,4196,213,0.97,4.5
C0102,41,Male,Faisalabad,37297,33567,7,7,6538,144,0.58,4.6
C0103,41,Male,Lahore,277189,125417,14,13,9698,123,0.65,4.1
C0104,47,Female,Faisalabad,91171,76821,12,14,5486,69,0.1,4.7
C0105,26,Female,Faisalabad,224516,9066,5,1,9350,89,0.89,4.1
C0106,49,Female,Islamabad,47152,33033,7,4,7785,130,0.86,2.7
C0107,61,Female,Peshawar,218048,24396,10,9,2501,242,0.09,3.0
C0108,58,Male,Karachi,204854,76840,8,8,9750,45,0.83,3.9
C0109,55,Male,Lahore,202259,28803,8,3,10264,151,0.86,2.9
C0110,26,Female,Lahore,87633,3182,7,5,743,131,0.59,2.5
C0111,34,Male,Lahore,250704,16440,3,2,8302,195,0.51,2.8
C0112,50,Male,Peshawar,52735,11430,7,1,11295,164,0.46,4.9
C0113,21,Female,Faisalabad,253490,21602,6,3,7767,51,0.32,2.9
C0114,26,Female,Peshawar,200490,31844,5,6,5331,268,0.61,2.7
C0115,62,Male,Peshawar,142734,21225,2,3,7279,242,0.4,4.3
C0116,38,Female,Islamabad,163635,47894,6,6,8270,56,0.83,2.7
C0117,24,Female,Lahore,61447,12544,4,2,5900,72,0.41,4.7
C0118,45,Male,Islamabad,193813,22543,5,6,3985,256,0.22,2.8
C0119,53,Female,Karachi,176049,14644,3,1,14347,295,0.03,4.8
C0120,62,Female,Karachi,124589,54040,7,9,6067,13,0.18,2.9
C0121,60,Female,Karachi,104383,1056,7,0,2003,281,0.22,3.5
C0122,39,Male,Islamabad,193387,20040,7,2,9799,53,0.88,2.9
C0123,57,Male,Karachi,172660,52040,5,5,10446,222,0.27,4.4
C0124,25,Female,Faisalabad,88138,76406,7,9,8472,167,0.05,3.5
C0125,56,Male,Karachi,137176,20366,7,7,2748,140,0.29,2.8
C0126,49,Female,Lahore,97730,43768,4,5,8696,191,0.07,4.7
C0127,20,Female,Karachi,271043,89155,13,9,9933,217,0.71,3.5
C0128,25,Female,Karachi,200272,113939,11,14,8038,195,0.09,4.6
C0129,33,Female,Peshawar,239951,23386,5,4,5583,183,0.22,4.4
C0130,22,Male,Peshawar,297361,69751,9,11,6252,85,0.24,2.9
C0131,30,Male,Peshawar,110147,15504,8,4,3402,262,0.46,3.9
C0132,55,Female,Peshawar,199454,17639,10,6,2973,44,0.47,4.1
C0133,35,Male,Islamabad,295990,9393,10,10,1116,198,0.83,2.7
C0134,23,Female,Faisalabad,51507,21129,2,2,11179,174,0.61,3.8
C0135,21,Female,Karachi,210060,87394,9,8,11086,30,0.25,3.6
C0136,46,Male,Islamabad,225481,104889,10,8,13188,36,0.79,4.1
C0137,22,Female,Karachi,232670,92006,6,8,11257,86,0.33,4.0
C0138,27,Female,Islamabad,235498,21924,11,12,1888,296,0.38,4.5
C0139,26,Male,Faisalabad,296594,22613,6,6,3453,119,0.34,4.4
C0140,30,Male,Lahore,111235,28120,13,13,2157,286,0.84,4.7
C0141,20,Female,Peshawar,98707,15253,6,4,3462,94,0.72,2.6
C0142,41,Male,Faisalabad,179384,13186,8,3,4333,132,0.31,4.5
C0143,48,Male,Islamabad,260999,27083,5,4,6756,280,0.42,2.9
C0144,30,Male,Islamabad,57357,1826,4,0,9585,62,0.71,3.8
C0145,25,Female,Karachi,114049,30543,7,10,2914,233,0.09,4.8
C0146,46,Female,Karachi,247525,43201,11,10,4362,51,0.37,2.6
C0147,24,Female,Lahore,102141,91926,14,13,8240,81,0.76,3.7
C0148,57,Male,Karachi,39963,35966,7,10,9491,280,0.42,4.4
C0149,33,Female,Karachi,55034,49530,8,10,10704,42,0.11,4.8
C0150,56,Male,Peshawar,156845,2618,7,4,525,190,0.24,3.5
C0151,60,Male,Peshawar,219060,89341,11,10,8812,269,0.55,3.5
C0152,48,Male,Faisalabad,225717,78790,7,6,13419,186,0.24,4.1
C0153,24,Female,Lahore,53244,47919,6,6,11031,247,0.98,3.7
C0154,29,Male,Karachi,269955,106505,9,8,13461,31,0.32,3.3
C0155,43,Female,Islamabad,49199,33271,8,5,6348,34,0.87,3.3
C0156,25,Female,Faisalabad,239726,13056,7,2,6834,105,0.5,3.7
C0157,51,Female,Karachi,252560,152442,11,11,13973,289,0.29,2.8
C0158,38,Female,Islamabad,263788,35221,5,3,11801,189,0.45,4.3
C0159,40,Female,Islamabad,60072,54064,11,11,6452,91,0.95,2.9
C0160,56,Female,Karachi,96180,77495,12,12,6501,206,0.95,2.6
C0161,27,Female,Islamabad,225042,13943,6,5,2755,197,0.4,4.1
C0162,33,Male,Karachi,127542,37290,5,4,9702,144,0.77,4.3
C0163,31,Female,Faisalabad,134951,101485,12,13,7906,237,1.0,4.5
C0164,38,Female,Karachi,182233,98202,12,8,12162,99,0.79,3.8
C0165,25,Male,Lahore,154117,57806,8,6,9577,198,0.47,5.0
C0166,26,Male,Karachi,192157,41863,4,5,8342,220,0.77,4.6
C0167,22,Male,Islamabad,68883,16957,3,3,6144,292,0.64,3.0
C0168,26,Female,Peshawar,59052,26084,9,5,5482,92,0.32,4.3
C0169,40,Female,Karachi,161389,63460,10,13,4996,165,0.61,2.7
C0170,59,Male,Peshawar,110842,99757,9,10,10414,298,0.04,4.7
C0171,23,Male,Peshawar,168755,7856,5,1,7325,25,0.5,4.1
C0172,36,Female,Faisalabad,158386,26722,9,5,5373,47,0.69,2.9
C0173,44,Female,Faisalabad,136966,103240,7,7,14614,173,0.73,4.7
C0174,43,Male,Islamabad,299997,22927,5,3,8142,146,0.45,2.9
C0175,21,Female,Faisalabad,249223,35608,8,11,3116,177,0.93,4.3
C0176,30,Male,Faisalabad,299864,6742,1,1,8648,56,0.95,3.8
C0177,33,Male,Peshawar,215018,94215,10,9,10289,250,0.29,2.5
C0178,24,Female,Lahore,168659,11175,7,2,6495,215,0.05,3.9
C0179,41,Female,Karachi,232558,6462,2,1,5082,70,0.13,2.7
C0180,41,Female,Peshawar,221683,43849,8,5,8841,266,0.04,2.6
C0181,63,Female,Faisalabad,269593,35613,11,13,2790,173,0.16,5.0
C0182,65,Female,Peshawar,206356,26477,4,3,8525,298,0.3,4.5
C0183,41,Female,Karachi,248387,1572,3,0,12383,23,0.6,3.2
C0184,59,Male,Karachi,281893,118355,10,11,10653,204,0.15,4.2
C0185,20,Male,Lahore,39928,35935,5,5,7265,114,0.41,4.4
C0186,48,Male,Lahore,138706,500,1,0,8337,202,0.31,2.9
C0187,52,Female,Peshawar,215748,634,5,0,11653,145,0.61,3.0
C0188,33,Female,Peshawar,186499,71046,9,13,5376,157,0.7,4.2
C0189,49,Female,Faisalabad,212873,500,1,0,12323,157,0.12,4.2
C0190,42,Female,Islamabad,106795,83723,7,7,12200,187,0.92,4.1
C0191,65,Female,Lahore,135941,59099,9,6,9708,149,0.14,4.0
C0192,55,Male,Lahore,56615,31809,6,3,10952,36,0.1,3.3
C0193,48,Male,Lahore,32716,29444,16,13,3087,253,0.48,3.0
C0194,36,Female,Islamabad,61018,54916,9,7,9906,283,0.74,4.6
C0195,20,Male,Faisalabad,122163,84826,8,6,14200,263,0.19,4.4
C0196,36,Male,Karachi,186443,29110,6,5,5989,242,0.99,3.9
C0197,49,Male,Peshawar,275377,51918,7,9,5917,244,0.65,4.3
C0198,18,Female,Islamabad,131272,87103,10,12,7143,228,0.52,2.7
C0199,60,Male,Lahore,103721,500,1,1,611,206,0.24,4.4
C0200,39,Female,Peshawar,35995,32395,7,8,4371,70,0.47,2.9
C0201,61,Female,Karachi,184684,16086,6,6,2688,88,0.45,5.0
C0202,41,Female,Peshawar,276849,40972,8,3,14026,136,0.68,4.0
C0203,23,Female,Peshawar,219679,18015,11,11,1511,290,0.9,3.0
C0204,52,Male,Lahore,202028,68711,9,6,11645,260,0.09,3.8
C0205,21,Female,Lahore,299089,38513,4,4,9655,167,0.72,3.5
C0206,18,Male,Peshawar,68288,14112,10,9,1544,40,0.93,2.7
C0207,48,Male,Islamabad,244364,89067,8,8,11010,225,0.37,4.7
C0208,46,Female,Faisalabad,72074,17214,6,2,9335,188,0.12,5.0
C0209,43,Male,Lahore,31821,8843,8,1,8085,288,0.42,3.4
C0210,32,Male,Faisalabad,211487,134520,9,9,14839,67,0.03,4.2
C0211,57,Male,Lahore,138046,86402,11,11,7814,34,0.24,2.6
C0212,46,Male,Peshawar,143911,8448,8,3,2795,158,0.23,4.8
C0213,54,Female,Peshawar,198120,124611,8,11,11316,123,0.41,3.2
C0214,53,Male,Faisalabad,289848,100109,10,9,11040,205,0.79,3.3
C0215,44,Female,Lahore,187227,40277,4,5,8258,125,0.3,4.3
C0216,47,Male,Peshawar,246361,23854,11,9,2696,134,0.25,3.3
C0217,23,Female,Islamabad,78477,500,2,0,1344,203,0.67,4.0
C0218,22,Male,Peshawar,143779,5196,1,1,5955,17,0.21,3.0
C0219,65,Male,Faisalabad,157188,15744,6,2,6998,132,0.55,4.4
C0220,42,Female,Peshawar,218355,104777,6,7,14963,248,0.1,5.0
C0221,48,Female,Lahore,224356,86848,7,6,14657,84,0.02,3.9
C0222,55,Female,Islamabad,109907,80093,8,8,9835,135,0.5,4.1
C0223,61,Female,Islamabad,286178,85257,12,10,8537,96,0.73,3.4
C0224,26,Female,Lahore,60792,3588,2,1,1717,34,0.76,3.5
C0225,58,Male,Karachi,109183,64387,11,10,6614,257,0.66,2.5
C0226,52,Female,Karachi,38769,18858,5,4,5197,267,0.81,4.2
C0227,29,Male,Karachi,108065,43054,8,9,4635,191,0.27,3.5
C0228,41,Female,Faisalabad,157510,95047,10,8,11707,51,0.65,4.6
C0229,20,Male,Faisalabad,228843,63630,5,6,10932,97,0.08,4.6
C0230,59,Female,Peshawar,79997,32977,13,8,4264,300,0.48,2.6
C0231,22,Female,Peshawar,47250,11010,10,12,756,116,0.59,4.4
C0232,63,Female,Karachi,186907,129045,9,9,14174,209,0.68,3.9
C0233,42,Male,Karachi,292559,8190,7,4,2100,128,0.84,3.4
C0234,57,Female,Islamabad,45532,500,4,0,7881,126,0.36,4.9
C0235,45,Male,Peshawar,229267,148334,11,11,13575,47,0.08,2.9
C0236,63,Male,Faisalabad,196030,33121,7,6,5550,194,0.76,2.8
C0237,23,Male,Faisalabad,265323,2491,4,2,2192,55,0.35,2.7
C0238,56,Female,Faisalabad,36470,16064,7,8,1887,296,0.91,4.9
C0239,54,Male,Faisalabad,118867,75808,9,9,8579,42,0.17,3.2
C0240,37,Female,Karachi,219333,75210,7,7,10740,110,0.46,2.8
C0241,18,Female,Islamabad,229171,29683,8,5,5984,79,0.3,4.0
C0242,62,Male,Faisalabad,194722,50745,9,9,5728,261,0.97,4.5
C0243,38,Female,Islamabad,236011,23063,3,6,3773,289,0.18,4.4
C0244,19,Female,Lahore,259876,7886,9,4,1633,219,0.67,2.8
C0245,37,Male,Islamabad,110815,1550,6,1,1711,255,0.58,3.8
C0246,62,Female,Peshawar,49275,44347,8,5,13808,53,0.11,3.1
C0247,60,Female,Lahore,53224,21828,4,2,11096,179,0.97,3.6
C0248,18,Male,Islamabad,146392,30849,4,3,10011,123,0.45,3.5
C0249,61,Male,Islamabad,42877,6099,5,4,1906,82,0.35,3.4
C0250,31,Female,Islamabad,279646,86338,11,11,7912,44,0.3,4.5
C0251,25,Male,Islamabad,87337,62159,7,5,12632,274,0.17,2.9
C0252,53,Female,Faisalabad,151559,18388,9,5,3553,231,0.4,4.3
C0253,30,Female,Peshawar,255209,18495,4,5,3871,42,0.58,4.5
C0254,52,Male,Islamabad,200909,93437,8,8,11488,260,0.53,4.1
C0255,56,Female,Peshawar,235806,42931,5,3,14352,98,0.81,4.3
C0256,37,Male,Lahore,194199,31020,9,9,3499,82,0.51,3.5
C0257,26,Female,Faisalabad,127388,35025,4,3,11071,98,0.55,3.7
C0258,26,Male,Islamabad,266454,500,3,0,657,79,0.2,3.5
C0259,53,Female,Faisalabad,287805,32709,3,4,8506,52,0.57,4.5
C0260,32,Female,Karachi,174102,106201,8,8,13291,299,0.74,4.4
C0261,53,Male,Peshawar,89877,52300,7,8,6510,31,0.76,3.6
C0262,31,Female,Karachi,159777,77756,4,10,7868,188,0.86,2.7
C0263,25,Male,Lahore,213831,43769,10,6,7515,81,0.78,4.5
C0264,21,Female,Peshawar,177369,47338,6,4,12035,158,0.57,4.9
C0265,50,Male,Lahore,245794,162441,16,11,14705,74,0.7,2.8
C0266,27,Female,Lahore,235888,15277,4,3,4902,222,0.38,2.7
C0267,23,Female,Peshawar,175870,1892,5,0,7949,259,0.33,2.5
C0268,64,Male,Faisalabad,217811,48004,11,7,7016,229,0.82,3.7
C0269,38,Female,Islamabad,98468,13924,4,2,6131,34,0.05,4.1
C0270,47,Male,Karachi,112828,43882,7,6,7509,77,0.88,3.3
C0271,35,Male,Islamabad,161276,121118,11,11,11131,36,0.4,3.3
C0272,62,Male,Faisalabad,77814,48191,7,6,8312,77,0.59,3.8
C0273,46,Male,Karachi,210131,30518,11,4,7419,77,0.48,3.1
C0274,23,Male,Karachi,194286,41788,6,6,6770,78,0.64,4.2
C0275,22,Male,Peshawar,116044,33434,3,3,10790,87,0.92,4.0
C0276,46,Male,Karachi,82672,74404,8,7,12460,189,0.96,3.3
C0277,26,Male,Islamabad,74170,66753,8,9,12315,155,0.78,4.2
C0278,60,Female,Lahore,297136,97997,9,9,11086,132,0.49,2.8
C0279,49,Male,Peshawar,36326,31528,14,12,2662,225,0.37,4.2
C0280,48,Male,Karachi,65406,15295,10,9,1490,213,0.51,4.1
C0281,50,Female,Faisalabad,240909,115148,11,11,10593,152,0.08,2.7
C0282,31,Male,Peshawar,201311,71521,4,5,14172,43,0.31,3.6
C0283,33,Male,Lahore,75200,67680,9,7,10531,38,0.31,4.4
C0284,65,Male,Karachi,36640,6401,6,2,3184,187,0.52,4.5
C0285,64,Female,Lahore,224966,59838,11,12,4903,70,0.77,2.6
C0286,45,Female,Peshawar,63487,57138,7,11,10781,264,0.46,3.4
C0287,49,Male,Islamabad,112475,70075,7,7,9902,69,0.23,3.8
C0288,20,Male,Lahore,54107,10565,5,4,2958,28,0.55,4.8
C0289,65,Female,Lahore,198716,62262,8,11,5741,49,0.57,2.8
C0290,61,Male,Lahore,147013,19486,10,3,7068,248,0.87,4.4
C0291,37,Female,Karachi,269466,88846,10,9,9737,165,0.74,3.1
C0292,41,Female,Lahore,158517,11428,12,14,891,287,0.35,4.6
C0293,18,Female,Karachi,227276,12058,10,6,2203,281,0.98,3.5
C0294,21,Male,Islamabad,78772,70894,10,9,14352,221,0.7,3.4
C0295,65,Male,Peshawar,80109,12228,3,2,6961,300,0.06,4.2
C0296,26,Male,Islamabad,166834,49436,12,7,6938,177,0.32,3.2
C0297,22,Male,Lahore,87133,72501,9,9,8135,218,0.12,3.4
C0298,31,Female,Islamabad,272927,22881,7,7,3082,165,0.83,4.2
C0299,20,Male,Islamabad,107764,50247,9,8,6328,272,0.05,3.2
C0300,29,Male,Faisalabad,267083,3994,4,2,2051,62,0.8,2.8
C0301,18,Male,Lahore,98532,88678,8,9,11744,53,0.58,3.1
C0302,22,Male,Karachi,133678,16646,10,7,2610,179,0.12,4.9
C0303,21,Male,Peshawar,257098,5465,9,6,983,228,0.17,3.0
C0304,29,Female,Islamabad,263838,64391,8,6,10644,135,0.65,3.7
C0305,53,Female,Karachi,75991,27001,7,7,3767,279,0.25,5.0
C0306,52,Male,Faisalabad,218278,14010,2,2,6136,299,0.5,3.5
C0307,29,Male,Islamabad,144829,59463,13,12,5102,251,0.53,4.4
C0308,32,Male,Karachi,159948,56736,6,4,13874,38,0.76,4.9
C0309,54,Female,Islamabad,121075,108967,9,10,13708,193,0.91,2.6
C0310,62,Female,Peshawar,104502,56719,6,4,13777,262,0.54,2.9
C0311,20,Male,Karachi,151961,47988,7,6,8331,179,0.92,3.0
C0312,26,Female,Lahore,199653,98116,9,8,12045,82,0.77,4.6
C0313,41,Male,Islamabad,237406,15913,5,3,5785,90,0.73,3.6
C0314,58,Female,Islamabad,121332,22333,6,2,10555,192,0.22,4.0
C0315,29,Female,Islamabad,184411,145897,11,12,12001,210,0.85,4.4
C0316,54,Male,Lahore,196837,41809,14,10,4119,299,0.1,3.7
C0317,39,Male,Lahore,211828,15036,9,7,1953,181,0.45,3.2
C0318,33,Male,Islamabad,164562,4732,9,4,1288,234,0.73,4.9
C0319,44,Female,Faisalabad,214146,43005,6,5,8355,125,0.16,2.7
C0320,20,Female,Karachi,197099,41396,7,7,6100,202,0.16,2.7
C0321,23,Female,Peshawar,283093,43511,7,4,11209,232,0.16,2.8
C0322,31,Male,Faisalabad,169075,4416,6,3,2071,211,0.57,4.6
C0323,27,Male,Islamabad,32000,28800,5,5,11346,255,0.2,2.6
C0324,28,Female,Karachi,278287,42000,9,6,7012,260,0.89,3.2
C0325,59,Female,Lahore,224521,52803,10,7,7803,144,0.44,3.2
C0326,35,Male,Lahore,80700,72630,10,9,9371,126,0.55,4.6
C0327,51,Female,Peshawar,278944,19907,6,4,5396,212,0.9,4.3
C0328,50,Male,Karachi,265426,60876,12,15,3971,108,0.13,3.6
C0329,61,Female,Lahore,107530,76216,9,6,12412,44,0.09,3.9
C0330,53,Female,Islamabad,270206,84377,8,7,11975,277,0.78,2.8
C0331,27,Male,Peshawar,82535,18450,11,8,2154,156,0.87,4.7
C0332,44,Female,Faisalabad,284586,5770,4,2,3321,216,0.14,4.0
C0333,62,Female,Karachi,237509,28945,10,7,4392,253,0.92,4.7
C0334,19,Female,Islamabad,193026,96053,7,8,11906,60,0.97,3.1
C0335,37,Female,Islamabad,171253,4655,7,3,1962,236,0.21,4.6
C0336,65,Female,Peshawar,226036,13788,9,5,3104,169,0.71,3.5
C0337,51,Male,Lahore,131063,9129,9,7,1444,26,0.46,4.8
C0338,63,Male,Islamabad,223122,56330,9,5,10910,73,0.68,3.1
C0339,49,Female,Lahore,278817,10968,5,3,3179,142,0.75,4.2
C0340,36,Male,Faisalabad,56031,45631,10,11,4011,123,0.65,4.2
C0341,35,Female,Peshawar,40513,36461,13,7,11677,252,0.91,4.1
C0342,56,Male,Lahore,162325,1960,2,0,12177,150,0.42,3.4
C0343,40,Female,Islamabad,144404,42569,3,3,14005,213,0.58,2.5
C0344,60,Female,Peshawar,178204,10192,7,7,1545,151,0.64,4.7
C0345,34,Female,Lahore,108606,7019,5,4,1430,216,0.66,4.2
C0346,64,Male,Faisalabad,184981,55905,7,8,6861,28,0.58,5.0
C0347,30,Female,Lahore,279422,69717,11,8,8811,97,0.84,4.7
C0348,29,Female,Karachi,276824,123976,9,9,13743,103,0.95,4.7
C0349,59,Male,Lahore,216270,89896,9,12,7389,179,0.37,4.0
C0350,47,Male,Faisalabad,58142,52327,10,7,10668,251,0.89,3.8
C0351,61,Female,Peshawar,186424,7472,2,3,2970,112,0.34,5.0
C0352,47,Male,Islamabad,124558,42076,8,4,10838,170,0.63,2.5
C0353,35,Male,Lahore,113065,2414,2,2,1942,232,0.63,3.5
C0354,48,Female,Karachi,49778,3113,3,2,730,174,0.76,3.8
C0355,19,Male,Lahore,148628,8868,7,4,2612,206,0.5,3.3
C0356,22,Male,Islamabad,182477,35731,4,4,9087,232,0.89,5.0
C0357,39,Female,Islamabad,128789,115910,11,13,13803,19,0.23,4.3
C0358,26,Male,Karachi,294573,101666,9,9,11158,29,0.38,4.1
C0359,52,Male,Peshawar,55145,500,5,2,823,69,0.42,3.5
C0360,53,Female,Faisalabad,110282,6405,9,11,652,225,0.66,4.2
C0361,35,Male,Faisalabad,85005,8728,3,2,5131,64,0.5,4.0
C0362,34,Male,Islamabad,244830,53520,7,6,8632,116,0.69,3.7
C0363,33,Male,Karachi,76663,68996,12,8,11461,86,0.95,4.4
C0364,22,Male,Islamabad,151194,9555,1,2,4827,35,0.1,2.9
C0365,20,Female,Islamabad,193948,73335,6,5,14446,33,0.01,2.8
C0366,59,Male,Islamabad,217447,40758,13,8,4895,57,0.37,3.4
C0367,25,Female,Faisalabad,269357,115454,7,8,14437,225,0.65,4.5
C0368,25,Male,Karachi,113569,102212,13,14,8408,234,0.18,3.4
C0369,40,Male,Lahore,283272,50471,9,7,7238,33,0.06,4.1
C0370,18,Male,Islamabad,79934,32996,3,4,8395,207,0.15,4.6
C0371,57,Male,Karachi,112275,27430,4,3,8623,94,0.07,3.7
C0372,33,Female,Islamabad,56398,19760,4,3,6703,130,0.08,3.6
C0373,54,Female,Karachi,291334,44292,6,5,8648,19,0.1,3.5
C0374,53,Male,Karachi,189697,79318,10,7,11224,243,0.95,3.4
C0375,21,Male,Faisalabad,204049,17437,4,2,8251,196,0.72,2.8
C0376,60,Male,Karachi,208969,80825,5,6,13605,290,0.52,4.3
C0377,20,Male,Faisalabad,103635,41662,10,6,7204,140,0.61,3.0
C0378,43,Male,Faisalabad,129918,34640,7,5,7290,73,0.77,3.6
C0379,60,Male,Faisalabad,32274,29046,7,6,7591,257,0.92,4.5
C0380,29,Male,Lahore,84292,74128,4,5,14962,268,0.88,3.5
C0381,56,Male,Islamabad,238598,96324,15,12,7919,78,0.14,4.0
C0382,65,Female,Peshawar,194579,500,6,0,10864,112,0.21,4.3
C0383,61,Female,Lahore,123225,12471,3,2,5781,69,0.76,3.9
C0384,55,Female,Peshawar,179908,5104,10,7,709,64,0.03,2.9
C0385,60,Male,Lahore,169973,31969,8,6,5195,138,0.15,2.7
C0386,36,Male,Peshawar,46937,42243,5,6,10594,297,0.86,4.4
C0387,53,Female,Lahore,297870,21686,9,4,5212,34,0.93,3.5
C0388,61,Female,Peshawar,58207,52386,10,9,10667,236,0.83,4.8
C0389,63,Female,Peshawar,133006,15795,9,3,5319,100,0.98,2.7
C0390,29,Male,Faisalabad,51304,9183,4,4,2631,140,0.01,3.7
C0391,27,Male,Lahore,199151,521,3,0,10746,164,0.49,3.9
C0392,40,Male,Islamabad,145323,120507,11,9,13382,91,0.42,3.8
C0393,23,Female,Lahore,141858,14821,6,3,5309,281,0.47,3.9
C0394,59,Male,Karachi,211407,22870,1,2,10554,134,0.96,4.2
C0395,38,Female,Karachi,232310,9868,7,9,904,274,0.82,3.4
C0396,50,Female,Faisalabad,52990,46088,6,8,5748,52,0.95,2.9
C0397,52,Male,Karachi,140510,15478,5,1,14671,227,0.84,3.0
C0398,62,Female,Karachi,110611,10678,12,11,1120,47,0.05,4.5
C0399,53,Male,Peshawar,149351,55818,10,7,7891,217,0.43,2.5
C0400,61,Male,Peshawar,33092,26825,5,2,12885,33,0.7,2.7
C0401,50,Male,Islamabad,187994,30242,6,4,7670,212,0.82,2.6
C0402,28,Male,Lahore,234992,23260,9,4,5332,83,0.3,4.7
C0403,64,Female,Karachi,104120,71539,8,7,10275,285,0.55,2.7
C0404,31,Female,Lahore,246349,21323,12,8,2833,104,0.22,4.6
C0405,30,Male,Lahore,58515,52663,12,7,9492,291,0.07,4.2
C0406,34,Male,Lahore,285428,92668,10,8,11498,130,0.1,4.0
C0407,30,Female,Faisalabad,266268,83419,5,7,11861,88,0.57,3.4
C0408,38,Female,Lahore,32533,29279,5,7,12168,233,0.28,3.4
C0409,61,Female,Faisalabad,272665,25693,3,3,8478,65,0.18,4.0
C0410,35,Male,Peshawar,132986,18499,7,10,1752,48,0.89,4.6
C0411,58,Male,Peshawar,242407,5759,8,5,1100,143,0.54,5.0
C0412,48,Male,Islamabad,235782,126640,8,10,12513,158,0.13,3.8
C0413,23,Female,Islamabad,293280,123941,10,9,13714,94,0.76,2.9
C0414,28,Male,Peshawar,106650,23677,7,4,6378,122,0.76,3.1
C0415,34,Female,Lahore,52443,39880,6,3,13467,208,0.47,3.6
C0416,20,Male,Islamabad,84119,41396,6,3,14092,144,0.58,3.9
C0417,42,Female,Islamabad,70809,16719,5,4,4151,217,0.35,4.7
C0418,49,Female,Peshawar,33459,15007,6,5,3213,49,0.51,3.2
C0419,27,Male,Lahore,219909,500,3,0,11331,222,0.81,4.3
C0420,48,Female,Faisalabad,140469,12555,4,2,7232,134,0.04,3.9
C0421,28,Male,Peshawar,50547,21632,9,7,3225,102,0.52,3.5
C0422,54,Male,Islamabad,74956,67460,8,9,8223,256,0.17,4.6
C0423,56,Male,Peshawar,125359,7460,5,2,3247,185,0.92,4.0
C0424,22,Male,Faisalabad,232093,64968,8,7,9064,268,0.68,4.6
C0425,56,Male,Lahore,279492,120258,11,8,14881,282,0.5,2.8
C0426,48,Male,Peshawar,30629,27566,12,8,11137,277,0.42,4.7
C0427,62,Female,Lahore,282771,52045,8,5,10150,60,0.43,3.1
C0428,32,Male,Islamabad,244248,77331,7,6,12683,13,0.58,2.8
C0429,18,Female,Lahore,195623,38068,6,5,7480,139,0.26,3.8
C0430,54,Female,Peshawar,174473,34225,11,9,3837,292,0.78,3.7
C0431,41,Female,Islamabad,190774,8035,3,1,7022,80,0.85,4.1
C0432,65,Male,Faisalabad,114827,103344,10,10,13379,291,0.61,4.2
C0433,21,Male,Faisalabad,32773,29495,9,4,8227,232,0.09,3.2
C0434,41,Male,Peshawar,49794,514,6,0,7064,276,0.29,4.9
C0435,21,Male,Faisalabad,260147,150503,13,11,13671,156,0.19,4.5
C0436,50,Male,Peshawar,118857,31694,6,3,11231,90,0.09,3.2
C0437,43,Female,Faisalabad,242573,26028,4,2,12573,45,0.92,3.9
C0438,64,Female,Islamabad,174969,105158,9,13,7950,216,0.57,3.2
C0439,44,Male,Peshawar,67951,10956,5,4,2417,272,0.96,4.7
C0440,54,Female,Faisalabad,227698,12301,3,1,12910,244,0.68,4.7
C0441,19,Female,Karachi,165171,45982,11,11,4110,127,0.8,3.5
C0442,40,Male,Islamabad,160158,103507,7,8,12768,185,0.08,4.8
C0443,48,Female,Islamabad,144591,89873,9,7,12725,107,0.5,3.0
C0444,65,Male,Islamabad,138411,124569,8,10,14202,192,0.16,2.8
C0445,23,Female,Peshawar,33472,6241,8,4,1192,256,0.37,3.3
C0446,54,Female,Faisalabad,125877,60721,14,12,5091,123,0.75,2.8
C0447,51,Female,Faisalabad,47072,36410,4,3,11744,99,0.46,2.8
C0448,51,Female,Islamabad,34413,30971,10,9,10019,176,0.36,4.7
C0449,29,Female,Lahore,171247,18238,3,3,6495,265,0.42,3.5
C0450,41,Female,Faisalabad,176606,40549,4,4,9935,127,0.81,4.3
C0451,33,Female,Faisalabad,132793,41237,12,14,2950,14,0.18,3.7
C0452,58,Female,Faisalabad,187304,12441,7,10,1281,60,0.69,2.7
C0453,34,Female,Karachi,265853,25907,7,4,6403,295,0.93,3.1
C0454,19,Female,Karachi,214072,26675,13,7,3759,285,0.17,4.5
C0455,40,Female,Peshawar,285587,8480,8,5,1784,156,0.46,4.9
C0456,28,Female,Faisalabad,242217,18331,8,6,3154,126,0.31,4.1
C0457,63,Female,Peshawar,237332,118933,7,8,14636,195,0.75,3.8
C0458,46,Female,Lahore,126409,26775,8,6,4344,138,0.94,4.3
C0459,23,Male,Lahore,238166,104210,8,7,14896,290,0.05,4.4
C0460,51,Male,Karachi,167600,33702,7,5,6887,127,0.25,3.2
C0461,58,Male,Lahore,119447,107502,12,11,14596,176,0.86,3.7
C0462,52,Female,Peshawar,263226,129415,12,14,9335,243,0.63,4.1
C0463,54,Female,Peshawar,192351,30843,10,7,4221,55,0.44,3.4
C0464,34,Male,Islamabad,35534,31980,13,11,14392,186,0.29,3.8
C0465,62,Female,Faisalabad,187082,53435,11,10,5299,128,0.8,3.9
C0466,30,Female,Peshawar,259169,76101,6,6,12576,209,0.83,3.1
C0467,23,Female,Lahore,172535,109109,6,8,13751,221,0.19,2.7
C0468,26,Female,Karachi,268730,42827,6,4,10703,106,0.32,2.9
C0469,52,Male,Lahore,83620,54759,7,7,7683,14,0.23,2.9
C0470,49,Male,Islamabad,250328,45987,5,7,6584,26,0.33,4.6
C0471,27,Male,Islamabad,235742,38148,11,10,3648,138,0.82,4.6
C0472,25,Male,Faisalabad,262239,48806,8,13,3763,58,0.52,5.0
C0473,48,Female,Islamabad,199378,141550,10,11,12701,291,0.52,3.1
C0474,58,Female,Lahore,218967,34530,12,8,4068,67,0.24,3.6
C0475,18,Male,Islamabad,92730,7508,6,6,1188,253,0.69,2.9
C0476,23,Male,Lahore,292101,142944,11,11,12944,40,0.06,4.1
C0477,62,Male,Lahore,285770,161668,8,12,13419,187,0.81,3.6
C0478,30,Male,Faisalabad,217782,4571,7,4,1146,234,0.56,3.9
C0479,49,Male,Peshawar,127846,31823,5,4,8174,293,0.16,3.8
C0480,46,Female,Islamabad,222472,25919,3,3,8789,104,0.88,4.0
C0481,41,Male,Islamabad,63209,12473,5,2,6848,278,0.68,4.4
C0482,27,Female,Islamabad,244855,46058,7,5,9072,44,0.04,4.8
C0483,29,Male,Lahore,86127,49903,6,5,9855,208,0.66,3.8
C0484,62,Female,Karachi,222075,8950,8,10,714,116,0.66,4.8
C0485,23,Female,Karachi,219229,1367,1,0,7314,198,0.79,2.6
C0486,57,Female,Peshawar,51313,5421,7,2,1776,120,0.96,2.7
C0487,64,Male,Peshawar,232024,46084,9,10,4575,101,0.56,3.9
C0488,65,Male,Peshawar,217675,9113,5,1,7497,63,0.17,3.0
C0489,43,Female,Lahore,262265,84937,13,9,9512,200,0.41,4.1
C0490,64,Female,Peshawar,156207,52433,6,4,13045,140,0.36,3.6
C0491,43,Male,Karachi,179150,14361,5,3,5445,163,0.98,3.0
C0492,38,Male,Islamabad,298053,500,1,0,3034,29,0.46,2.9
C0493,34,Female,Peshawar,160996,20386,8,10,2005,214,0.57,3.0
C0494,22,Female,Faisalabad,120650,12375,1,1,12015,58,0.6,3.3
C0495,64,Female,Karachi,59319,53387,10,8,14914,232,0.42,4.7
C0496,32,Male,Faisalabad,58378,52540,7,6,9346,86,0.33,4.2
C0497,27,Male,Faisalabad,263631,6809,8,4,1975,231,0.29,3.5
C0498,26,Female,Karachi,279484,41315,7,6,7040,53,0.4,3.6
C0499,62,Male,Lahore,282141,22712,4,2,11186,110,0.56,5.0
C0500,51,Male,Lahore,67562,60805,7,8,11718,55,0.11,3.5
C0501,41,Female,Lahore,198159,77908,5,6,13110,96,0.99,4.0
C0502,46,Male,Faisalabad,53528,48175,9,7,11728,89,0.76,4.6
C0503,25,Male,Lahore,107425,4481,11,7,725,66,0.31,3.7
C0504,39,Male,Peshawar,141083,47617,9,10,4737,257,0.62,5.0
C0505,62,Male,Faisalabad,52797,27748,7,7,3788,148,0.05,4.1
C0506,18,Male,Faisalabad,172244,1540,4,0,6401,65,0.02,4.7
C0507,59,Female,Lahore,229597,11321,3,2,5668,282,0.09,3.0
C0508,47,Male,Karachi,159704,67827,10,8,8527,90,0.02,4.2
C0509,40,Female,Lahore,292800,34646,7,7,4721,208,0.89,4.5
C0510,19,Female,Lahore,109538,17595,6,7,2748,205,0.52,4.2
C0511,58,Male,Faisalabad,156018,18580,5,3,5618,178,0.45,2.8
C0512,59,Male,Peshawar,136068,73992,9,6,12052,278,0.91,3.6
C0513,27,Male,Islamabad,65554,500,1,0,2439,172,0.84,2.9
C0514,19,Female,Faisalabad,245614,113358,6,8,13962,150,0.15,3.0
C0515,26,Male,Karachi,169912,9221,4,1,10270,128,0.69,3.4
C0516,62,Female,Lahore,293362,66383,9,6,11142,104,0.85,3.7
C0517,26,Male,Lahore,148632,9985,12,11,745,148,0.95,3.1
C0518,60,Male,Lahore,64674,58206,11,14,7697,260,0.69,4.7
C0519,33,Female,Faisalabad,51929,500,3,0,12299,211,0.61,4.4
C0520,56,Male,Peshawar,87313,3983,2,2,1194,135,0.52,3.5
C0521,65,Male,Peshawar,233108,1391,3,2,1307,159,0.44,4.7
C0522,36,Female,Lahore,251491,106353,6,9,11804,82,0.46,4.1
C0523,23,Male,Lahore,100939,3272,5,5,908,242,0.59,4.3
C0524,30,Female,Karachi,161115,86354,6,7,12156,93,0.72,2.8
C0525,25,Female,Islamabad,74725,55834,5,4,13460,271,0.61,2.9
C0526,53,Female,Karachi,119592,91973,11,8,11305,86,0.16,2.9
C0527,63,Male,Faisalabad,191513,61670,6,8,7811,102,0.12,2.8
C0528,30,Male,Peshawar,162703,86916,11,10,8669,12,0.61,3.7
C0529,31,Female,Faisalabad,245037,1430,4,4,607,290,0.28,4.1
C0530,31,Male,Lahore,107728,27426,10,9,2881,26,0.67,4.6
C0531,37,Female,Karachi,55706,50135,15,17,3143,155,0.61,4.2
C0532,56,Male,Faisalabad,218842,37143,9,7,5403,198,0.9,4.6
C0533,45,Male,Islamabad,276843,59300,11,12,4996,279,0.41,3.0
C0534,31,Male,Karachi,75964,41134,3,3,13413,157,0.43,4.6
C0535,34,Female,Lahore,290254,18447,3,2,8569,102,0.88,3.1
C0536,36,Male,Karachi,91974,27772,12,11,2432,116,0.8,5.0
C0537,44,Male,Islamabad,213317,1993,4,2,685,113,0.69,3.1
C0538,22,Female,Islamabad,295651,3174,3,1,2365,180,0.34,4.3
C0539,57,Male,Lahore,131720,69064,6,6,11517,252,0.8,4.1
C0540,48,Male,Faisalabad,205693,23561,2,2,12666,276,0.3,4.3
C0541,38,Male,Lahore,203916,23443,9,4,6293,86,0.28,2.6
C0542,42,Male,Peshawar,234244,107614,8,8,13317,167,0.71,3.3
C0543,20,Female,Faisalabad,75507,33013,5,4,7904,164,0.22,3.3
C0544,25,Female,Karachi,135957,7628,10,7,908,257,0.9,2.9
C0545,39,Female,Peshawar,192717,87100,8,6,14783,274,0.68,2.8
C0546,64,Male,Faisalabad,233207,974,7,3,567,32,0.69,4.0
C0547,23,Female,Faisalabad,54190,48771,12,12,12715,21,0.58,3.3
C0548,31,Female,Lahore,130949,105094,7,8,13161,70,0.27,2.9
C0549,25,Male,Peshawar,299515,103804,11,11,9500,148,0.14,4.3
C0550,36,Male,Lahore,67351,60615,5,8,9356,35,0.13,3.7
C0551,61,Male,Karachi,231116,31774,10,9,3432,238,0.62,3.3
C0552,30,Male,Faisalabad,99098,89188,12,12,11945,59,0.46,4.2
C0553,63,Female,Faisalabad,151474,73305,9,7,10607,196,0.39,4.2
C0554,60,Female,Islamabad,267650,11184,6,5,2349,255,0.46,2.9
C0555,40,Male,Peshawar,83966,10594,4,5,2252,294,0.65,4.5
C0556,52,Female,Faisalabad,246762,26829,8,8,3105,256,0.38,3.4
C0557,62,Female,Faisalabad,209411,46166,5,4,11356,49,0.74,4.3
C0558,49,Male,Peshawar,272697,53279,7,7,7794,167,0.96,2.7
C0559,24,Female,Islamabad,289153,21671,7,5,4065,81,0.89,4.8
C0560,58,Male,Lahore,108232,42707,5,4,10585,238,0.2,4.2
C0561,38,Female,Peshawar,189671,124348,14,10,12260,186,0.99,4.0
C0562,57,Female,Lahore,184237,15813,13,13,1370,296,0.82,3.4
C0563,36,Male,Lahore,256343,23763,7,4,5712,205,0.41,3.6
C0564,31,Male,Faisalabad,102912,59058,9,9,6402,223,0.15,5.0
C0565,60,Male,Lahore,36083,32474,8,7,12318,259,0.66,4.9
C0566,26,Male,Lahore,248028,83726,12,7,11893,227,0.62,3.6
C0567,45,Female,Faisalabad,216283,5956,8,9,621,265,0.85,3.1
C0568,50,Female,Faisalabad,222397,59806,8,7,8417,198,0.11,3.7
C0569,62,Male,Lahore,176496,50837,6,5,10495,135,0.47,4.4
C0570,60,Male,Peshawar,193839,1188,3,0,9265,15,0.47,3.8
C0571,48,Female,Faisalabad,215028,51066,13,10,5238,28,0.7,4.0
C0572,37,Female,Karachi,278072,21701,4,2,11253,23,0.29,2.7
C0573,50,Male,Islamabad,162147,130047,9,9,14555,17,0.74,4.0
C0574,55,Male,Faisalabad,223864,58872,8,5,11981,258,0.18,3.8
C0575,20,Female,Karachi,106058,500,3,0,14223,221,0.77,3.1
C0576,46,Male,Lahore,210919,123818,10,9,13927,36,0.17,3.5
C0577,37,Female,Peshawar,152505,40450,4,5,8275,84,0.53,3.6
C0578,36,Female,Faisalabad,195511,10118,12,10,1172,282,0.64,4.9
C0579,45,Female,Islamabad,171728,78932,7,7,11220,210,0.46,4.2
C0580,33,Male,Peshawar,206898,500,3,0,5632,15,0.67,4.6
C0581,18,Female,Karachi,84477,36306,6,3,12382,138,0.19,2.6
C0582,23,Male,Peshawar,143678,110832,12,9,12101,71,0.09,4.0
C0583,42,Male,Karachi,126606,14536,7,8,1740,242,0.92,3.2
C0584,45,Female,Islamabad,114916,7177,8,5,1522,208,0.33,2.7
C0585,34,Male,Faisalabad,66384,10107,1,1,10499,101,0.65,2.8
C0586,52,Female,Lahore,85705,17870,12,9,2192,47,0.07,4.3
C0587,46,Male,Faisalabad,108042,7436,7,6,1119,209,0.27,4.3
C0588,43,Male,Peshawar,287257,38467,4,3,12423,45,0.54,2.5
C0589,62,Female,Karachi,218176,9013,6,6,1404,56,0.37,4.6
C0590,39,Male,Faisalabad,182021,6538,6,4,1144,206,0.66,3.2
C0591,42,Male,Islamabad,285067,136793,11,11,12547,81,0.04,2.6
C0592,55,Male,Faisalabad,233826,55456,11,10,5541,283,0.96,4.5
C0593,19,Male,Islamabad,59388,48485,5,7,7143,118,0.81,4.2
C0594,47,Male,Peshawar,152151,16916,8,6,2819,19,0.47,4.8
C0595,20,Male,Lahore,37531,33777,8,7,5535,59,0.46,2.9
C0596,55,Male,Karachi,89863,2371,2,1,4113,113,0.43,4.5
C0597,65,Female,Islamabad,93335,24067,11,9,2750,119,0.76,4.0
C0598,39,Male,Karachi,173599,106687,9,9,11908,293,0.17,3.1
C0599,55,Male,Lahore,82411,34495,9,5,6662,90,0.02,3.7
C0600,18,Male,Lahore,76735,10000,6,2,5148,253,0.69,3.0
C0601,58,Female,Peshawar,266149,32342,1,3,10503,29,0.6,4.3
C0602,57,Male,Islamabad,212375,13057,4,4,3644,281,0.98,4.0
C0603,52,Male,Faisalabad,139108,93468,7,7,13551,252,0.5,2.9
C0604,20,Male,Islamabad,179455,86137,8,8,10605,242,0.04,4.4
C0605,52,Male,Lahore,45238,22729,6,5,4355,237,0.59,3.3
C0606,30,Female,Lahore,87741,78966,7,7,12587,112,0.38,3.1
C0607,48,Female,Karachi,258518,110085,12,14,7954,208,0.37,3.6
C0608,30,Female,Islamabad,136016,57146,7,6,9817,153,0.14,4.6
C0609,47,Female,Lahore,210132,25777,8,8,3068,97,0.58,3.9
C0610,32,Male,Faisalabad,286488,59227,9,7,8257,246,0.28,4.3
C0611,65,Male,Lahore,201597,52850,6,5,10195,86,0.91,4.7
C0612,44,Male,Karachi,276757,22597,7,3,7474,211,0.48,4.5
C0613,24,Female,Faisalabad,156097,140487,12,12,11856,218,0.95,2.8
C0614,36,Male,Karachi,38351,34515,5,4,12022,22,0.98,3.7
C0615,26,Female,Lahore,224207,2046,4,1,522,46,0.38,4.2
C0616,51,Male,Islamabad,253295,42361,8,4,10535,116,0.79,2.7
C0617,39,Male,Peshawar,220835,45329,9,7,6489,30,0.37,2.9
C0618,53,Male,Peshawar,137328,82534,9,9,9341,254,0.74,4.4
C0619,62,Male,Lahore,198015,69596,6,6,11644,151,0.05,3.4
C0620,46,Female,Peshawar,94335,56274,4,4,14023,159,0.45,3.4
C0621,61,Male,Lahore,270057,33471,10,10,3429,49,0.11,3.2
C0622,62,Male,Faisalabad,108904,73531,10,7,10777,160,0.42,4.2
C0623,26,Female,Islamabad,250269,14602,3,3,5276,42,0.02,4.5
C0624,51,Female,Faisalabad,209721,8895,5,1,8465,281,0.84,3.6
C0625,37,Male,Islamabad,120039,34941,8,5,6593,157,0.77,2.6
C0626,40,Female,Faisalabad,117222,36248,6,4,9270,103,0.97,4.6
C0627,62,Male,Lahore,154730,139257,15,17,9913,235,0.26,3.0
C0628,53,Male,Islamabad,210274,28652,9,9,3163,164,0.12,2.6
C0629,49,Male,Faisalabad,197886,143716,12,15,9448,269,0.33,4.3
C0630,48,Female,Peshawar,107114,38102,9,5,7743,67,0.73,4.8
C0631,26,Male,Islamabad,43000,30687,3,4,7806,57,0.33,4.0
C0632,30,Male,Islamabad,132611,78753,11,10,7798,54,0.98,3.5
C0633,49,Female,Peshawar,298202,70193,14,11,6415,85,0.72,3.6
C0634,42,Female,Karachi,179238,48381,6,6,7800,297,0.09,4.3
C0635,46,Female,Faisalabad,181327,82868,10,11,7444,222,0.14,4.0
C0636,23,Male,Lahore,188980,10260,2,2,5995,202,0.09,3.5
C0637,35,Female,Lahore,272283,4302,6,2,2743,105,0.83,3.2
C0638,49,Male,Islamabad,189338,6465,3,2,4178,11,0.15,3.3
C0639,58,Female,Karachi,180831,47717,4,4,11769,135,0.03,4.4
C0640,49,Male,Peshawar,219666,28508,4,2,14726,253,0.97,4.5
C0641,41,Male,Islamabad,115378,33809,6,4,8053,79,0.36,2.6
C0642,41,Female,Islamabad,55540,14168,7,8,1758,109,0.77,3.0
C0643,24,Male,Peshawar,199138,83330,11,7,11722,164,0.27,4.2
C0644,41,Male,Peshawar,214355,53086,8,6,8989,200,0.78,3.5
C0645,28,Male,Lahore,111031,15201,2,1,13527,296,0.61,4.6
C0646,51,Male,Faisalabad,271430,20332,9,7,2650,18,0.48,3.3
C0647,41,Male,Faisalabad,209330,115609,9,9,12697,70,0.22,4.6
C0648,27,Male,Islamabad,95716,86144,10,14,7460,67,0.08,4.4
C0649,45,Male,Lahore,86527,77874,12,11,10218,250,0.12,3.1
C0650,22,Female,Karachi,80595,12001,9,3,3865,112,0.18,3.4
C0651,23,Male,Islamabad,212366,80736,4,6,13292,133,0.5,2.7
C0652,55,Male,Peshawar,143769,1693,6,0,3314,285,0.0,4.3
C0653,31,Female,Islamabad,127059,8345,1,2,3463,191,0.98,3.6
C0654,50,Male,Faisalabad,89163,39116,8,5,8133,276,0.14,4.4
C0655,63,Female,Peshawar,51290,46161,11,11,6804,243,0.6,3.3
C0656,46,Male,Peshawar,243533,33846,6,9,3593,45,0.89,4.5
C0657,61,Female,Lahore,36703,19630,11,9,2223,234,0.52,4.2
C0658,25,Male,Faisalabad,240042,1789,5,0,12647,96,0.06,4.9
C0659,39,Male,Peshawar,241963,160997,12,13,12381,152,0.76,4.4
C0660,55,Female,Faisalabad,216697,21362,3,3,7126,271,0.28,4.4
C0661,24,Male,Islamabad,286555,3531,3,2,2705,60,0.74,4.6
C0662,49,Male,Lahore,230609,16927,5,3,5460,59,0.76,4.2
C0663,51,Female,Faisalabad,135870,69231,7,8,8770,287,0.34,4.6
C0664,52,Male,Karachi,255656,54406,9,7,7874,202,0.44,2.6
C0665,29,Female,Lahore,287676,34366,5,5,6874,66,0.57,3.7
C0666,53,Female,Faisalabad,111951,34840,5,4,8605,203,0.62,3.4
C0667,36,Female,Karachi,44757,25440,6,4,6503,23,0.77,4.1
C0668,42,Male,Faisalabad,210954,13524,11,9,1424,135,0.25,4.1
C0669,55,Male,Karachi,189861,73903,9,8,9321,29,0.46,4.7
C0670,54,Female,Islamabad,40696,10917,6,2,5685,209,0.32,2.7
C0671,49,Male,Lahore,206143,10824,2,1,11434,95,0.61,3.4
C0672,45,Male,Faisalabad,69489,30334,9,6,5208,34,0.3,3.9
C0673,32,Male,Peshawar,79667,30621,5,3,9780,281,0.48,3.0
C0674,22,Female,Peshawar,187238,14809,4,4,3778,215,0.25,3.8
C0675,60,Male,Karachi,127800,57032,6,4,13998,249,0.27,4.1
C0676,57,Female,Peshawar,61395,10664,5,4,2920,87,0.75,4.4
C0677,45,Female,Islamabad,63778,1373,4,0,4873,156,0.65,3.1
C0678,56,Male,Faisalabad,155033,37448,9,8,4523,168,0.46,3.9
C0679,45,Female,Karachi,135901,39098,8,8,4733,152,0.66,2.9
C0680,20,Female,Karachi,59007,53106,8,6,10356,42,0.9,3.5
C0681,41,Male,Faisalabad,103694,80085,8,9,8696,71,0.52,4.6
C0682,51,Female,Faisalabad,77316,69584,8,8,13716,178,0.83,4.3
C0683,65,Male,Faisalabad,144299,44782,9,9,4998,219,0.25,4.0
C0684,49,Female,Karachi,195931,11017,4,2,4536,152,0.88,4.8
C0685,41,Female,Islamabad,191570,144092,15,14,10425,37,0.69,4.5
C0686,33,Female,Peshawar,231688,59704,5,9,6445,72,0.53,3.1
C0687,46,Female,Karachi,236032,52659,14,10,5429,130,0.3,4.6
C0688,28,Female,Islamabad,243012,10431,8,5,1812,261,0.47,3.5
C0689,39,Female,Karachi,114066,18515,6,3,6264,290,0.74,3.6
C0690,19,Male,Lahore,262471,41203,8,6,7064,166,0.31,2.7
C0691,28,Male,Peshawar,98206,82763,10,6,13486,173,0.45,4.7
C0692,26,Female,Lahore,201746,35960,8,5,7291,103,0.39,3.4
C0693,54,Male,Karachi,42042,37837,11,8,10766,55,0.97,3.0
C0694,62,Male,Karachi,240257,4254,5,2,2945,198,0.17,3.9
C0695,18,Female,Faisalabad,289076,45327,11,12,3621,146,0.29,3.7
C0696,26,Female,Lahore,143018,91535,10,8,11595,224,0.18,4.5
C0697,19,Female,Islamabad,153462,500,3,0,6556,244,0.09,3.7
C0698,38,Female,Lahore,231062,7695,6,2,4698,58,0.56,2.6
C0699,33,Female,Islamabad,53861,48474,11,9,6741,212,0.67,2.8
C0700,53,Male,Peshawar,124042,50051,7,8,6057,249,0.13,3.3
C0701,51,Female,Lahore,166527,18209,8,7,2595,153,0.75,4.8
C0702,36,Female,Peshawar,168285,8901,4,3,3203,261,0.76,2.9
C0703,60,Female,Karachi,129048,9709,9,9,1087,143,0.16,3.7
C0704,25,Female,Karachi,261483,50568,5,6,8449,262,0.11,4.3
C0705,27,Male,Islamabad,79061,71154,8,8,14179,270,0.82,3.9
C0706,60,Male,Peshawar,32163,23736,4,3,7322,49,0.25,3.7
C0707,24,Female,Karachi,179045,13446,6,2,6958,64,0.84,2.9
C0708,23,Female,Faisalabad,268055,43143,6,4,11280,178,0.97,4.1
C0709,46,Female,Peshawar,97801,76473,8,7,11045,175,0.8,4.4
C0710,53,Female,Karachi,239116,93455,7,7,13130,214,0.09,4.6
C0711,28,Female,Faisalabad,179388,500,3,0,3025,162,0.49,3.6
C0712,37,Male,Islamabad,80390,50950,9,6,8521,208,0.48,3.9
C0713,45,Male,Faisalabad,223061,20817,5,3,7479,30,0.51,4.9
C0714,61,Male,Lahore,289691,2940,3,2,1875,249,0.44,4.8
C0715,48,Female,Lahore,96998,13861,6,3,4573,228,0.3,2.6
C0716,22,Male,Peshawar,86430,25042,4,3,8112,139,0.36,4.0
C0717,50,Male,Karachi,272681,53689,8,8,6938,52,0.42,4.3
C0718,38,Female,Faisalabad,168975,95163,4,7,13771,118,0.19,4.4
C0719,56,Female,Karachi,257435,12520,7,6,2411,97,0.66,3.7
C0720,43,Female,Islamabad,219125,500,5,0,11560,164,0.09,2.8
C0721,30,Male,Karachi,128682,76483,9,7,11127,133,0.44,4.1
C0722,52,Male,Karachi,187767,42561,8,6,7412,69,0.17,2.9
C0723,62,Female,Faisalabad,277196,43574,11,10,4475,160,0.57,4.6
C0724,21,Female,Karachi,83825,8785,4,1,7310,263,0.74,4.0
C0725,53,Female,Karachi,285588,62364,5,5,12372,259,0.23,2.7
C0726,19,Female,Peshawar,195596,33071,5,3,11121,252,0.12,4.1
C0727,59,Female,Faisalabad,258710,32763,10,9,3649,186,0.44,3.8
C0728,55,Female,Peshawar,275611,108993,9,9,12155,223,0.83,4.2
C0729,65,Female,Faisalabad,114948,49453,6,4,12775,257,0.13,3.0
C0730,56,Female,Karachi,248095,37962,11,9,4345,295,0.05,2.5
C0731,34,Female,Lahore,121600,6419,10,5,1023,42,0.34,2.8
C0732,32,Male,Peshawar,147490,12814,1,1,13359,33,0.77,3.9
C0733,27,Male,Karachi,259547,49982,10,4,12882,64,0.78,4.0
C0734,24,Male,Peshawar,85265,32651,8,8,3865,195,0.16,3.2
C0735,46,Female,Karachi,110895,6774,6,3,2757,113,0.44,3.5
C0736,18,Male,Faisalabad,208950,33531,7,7,4858,222,0.36,4.2
C0737,27,Female,Lahore,102348,37708,8,5,7206,244,0.95,3.8
C0738,61,Female,Karachi,262038,96082,8,7,13709,45,0.08,3.3
C0739,28,Female,Karachi,236184,42654,8,4,11009,39,0.98,5.0
C0740,60,Female,Faisalabad,240765,102930,11,7,14812,170,0.91,2.5
C0741,35,Male,Faisalabad,263931,1229,4,0,10729,236,0.7,4.7
C0742,59,Female,Lahore,188089,76749,11,11,6889,74,0.52,3.9
C0743,31,Male,Peshawar,193710,1216,2,1,3121,24,0.89,3.8
C0744,34,Male,Islamabad,251640,13303,9,8,1482,200,0.26,3.8
C0745,25,Male,Karachi,265267,62780,6,8,7924,130,0.81,5.0
C0746,54,Male,Islamabad,186867,98042,6,8,12212,81,0.71,3.8
C0747,33,Male,Islamabad,130954,11230,9,6,2105,227,0.83,2.7
C0748,21,Female,Lahore,279693,81278,8,7,11589,216,0.59,3.8
C0749,43,Female,Peshawar,291529,1813,1,0,11788,260,0.73,3.5
C0750,28,Male,Peshawar,96649,36228,4,3,12042,280,0.12,3.0
C0751,48,Male,Lahore,223636,100921,9,7,14464,66,0.12,3.9
C0752,20,Male,Karachi,224755,42518,7,8,5316,24,0.79,2.9
C0753,55,Female,Karachi,189993,98469,9,7,13920,260,0.0,3.9
C0754,22,Male,Faisalabad,282275,13268,4,2,6034,203,0.48,4.3
C0755,56,Male,Lahore,294641,11270,4,1,11431,86,0.87,3.3
C0756,57,Female,Faisalabad,152065,10674,10,7,1250,236,0.74,4.1
C0757,28,Male,Peshawar,191925,46668,6,5,9664,108,0.96,3.9
C0758,21,Male,Faisalabad,293527,63227,9,7,9213,19,0.27,3.0
C0759,63,Female,Karachi,197998,89557,7,6,14622,21,0.34,3.0
C0760,19,Female,Faisalabad,164835,148351,15,16,9376,156,0.14,3.1
C0761,23,Male,Islamabad,243530,27888,7,5,5829,23,0.71,3.2
C0762,24,Female,Lahore,246438,100111,9,7,14061,71,0.05,3.1
C0763,56,Male,Faisalabad,296664,11028,8,5,2385,41,0.32,3.9
C0764,22,Female,Karachi,243644,500,3,0,805,293,0.96,4.2
C0765,33,Male,Islamabad,243252,24930,2,3,8699,82,0.37,5.0
C0766,33,Female,Peshawar,266842,169598,13,12,14088,158,0.65,2.9
C0767,21,Female,Islamabad,161538,38992,9,6,6257,118,0.59,3.8
C0768,20,Male,Peshawar,66666,21513,7,8,2514,81,0.73,5.0
C0769,45,Male,Peshawar,294671,95272,10,8,11675,185,0.64,4.9
C0770,63,Female,Islamabad,158937,11733,6,3,3950,178,0.02,4.2
C0771,59,Male,Peshawar,279838,23093,8,7,3343,294,0.9,4.3
C0772,43,Male,Karachi,46225,41602,12,8,7793,73,0.35,4.5
C0773,56,Female,Faisalabad,122896,1701,10,5,638,246,0.37,3.0
C0774,18,Male,Karachi,177395,5642,6,2,3637,165,0.81,3.1
C0775,49,Female,Karachi,177197,19714,3,2,10429,13,0.2,4.6
C0776,43,Male,Islamabad,292314,34956,4,3,11310,299,0.67,4.0
C0777,29,Male,Peshawar,97238,50689,7,5,9837,126,0.88,4.3
C0778,35,Male,Karachi,162603,1841,5,0,532,228,0.64,4.9
C0779,21,Female,Faisalabad,243320,73325,7,9,8144,195,0.52,2.6
C0780,64,Male,Karachi,175716,43469,11,8,5681,210,0.19,2.7
C0781,54,Male,Lahore,252203,39648,14,11,3725,178,0.31,4.1
C0782,24,Male,Faisalabad,256465,55635,9,5,10761,181,0.84,3.1
C0783,48,Male,Islamabad,58538,23754,9,5,4378,47,0.78,4.0
C0784,24,Female,Peshawar,95444,6867,8,7,1046,170,0.89,4.2
C0785,26,Male,Faisalabad,58725,11033,6,8,1577,38,0.56,3.2
C0786,42,Female,Karachi,245538,102327,8,9,11308,15,0.45,3.7
C0787,45,Male,Islamabad,43616,16707,5,5,3653,62,0.01,4.3
C0788,55,Male,Peshawar,96050,29559,6,4,7397,237,0.19,2.8
C0789,20,Male,Lahore,193403,23443,4,2,11177,193,0.31,4.7
C0790,27,Male,Faisalabad,191834,2648,6,4,632,84,0.06,3.8
C0791,53,Male,Faisalabad,210258,31592,8,8,3797,45,0.34,4.2
C0792,62,Female,Peshawar,203615,36517,10,6,5999,163,0.42,2.9
C0793,47,Male,Faisalabad,145031,93799,11,8,11857,248,0.62,3.1
C0794,65,Female,Faisalabad,137644,1926,3,4,610,15,0.07,2.6
C0795,25,Male,Islamabad,260900,129894,9,10,13042,32,0.98,3.0
C0796,36,Male,Lahore,167362,37347,7,4,9585,101,0.2,2.9
C0797,34,Male,Karachi,101955,13294,4,6,2318,117,0.31,3.1
C0798,41,Male,Peshawar,257393,18811,8,6,2866,76,0.79,3.0
C0799,42,Female,Islamabad,255202,11173,10,8,1256,106,0.85,3.2
C0800,27,Female,Lahore,57923,11771,6,4,2571,270,0.97,4.7
C0801,31,Male,Faisalabad,64012,57610,9,9,14957,270,0.37,3.8
C0802,29,Female,Islamabad,283386,19964,7,4,4896,215,0.64,4.5
C0803,59,Male,Lahore,145094,30001,10,7,4340,121,0.31,4.7
C0804,54,Male,Islamabad,163446,8588,6,5,1876,237,0.52,3.1
C0805,20,Female,Peshawar,206356,28305,4,4,7200,264,0.32,3.5
C0806,29,Female,Lahore,169263,4756,6,3,1850,266,0.51,4.1
C0807,35,Male,Karachi,92174,25834,8,7,3781,110,0.68,3.1
C0808,65,Female,Lahore,102281,92052,13,11,12621,143,0.01,3.2
C0809,40,Female,Faisalabad,36234,32610,4,4,12970,86,0.87,3.1
C0810,64,Male,Faisalabad,152538,12831,2,1,12912,246,0.34,2.7
C0811,30,Female,Faisalabad,139882,2513,2,3,993,81,0.58,2.8
C0812,65,Male,Faisalabad,215945,83227,6,7,11735,216,0.76,4.2
C0813,37,Female,Peshawar,42184,15303,7,6,2779,179,0.57,4.5
C0814,56,Female,Faisalabad,137062,46588,9,7,6831,253,0.11,3.9
C0815,46,Female,Karachi,119875,12660,11,11,1025,260,0.03,3.0
C0816,42,Female,Lahore,152179,61827,7,8,7949,198,0.52,2.9
C0817,44,Female,Lahore,88061,79254,10,10,12675,209,0.96,4.7
C0818,26,Male,Islamabad,256597,15977,9,5,3101,168,0.59,3.8
C0819,61,Female,Islamabad,135750,13761,9,8,1548,214,0.6,3.1
C0820,39,Female,Faisalabad,272585,5864,3,1,5217,243,0.35,4.6
C0821,37,Female,Peshawar,121816,64723,6,6,10620,231,0.46,4.8
C0822,29,Male,Faisalabad,52892,47602,8,11,4985,285,0.29,4.8
C0823,62,Male,Faisalabad,245628,57182,11,9,6541,63,0.5,4.4
C0824,44,Female,Lahore,162522,4858,8,7,937,246,0.38,4.4
C0825,30,Female,Karachi,35629,23963,7,9,2736,247,0.48,2.7
C0826,53,Male,Faisalabad,103534,11270,5,4,3143,19,0.61,2.9
C0827,25,Female,Lahore,70677,28484,7,6,4976,235,0.36,3.0
C0828,20,Male,Faisalabad,55037,49533,10,5,11002,62,0.39,3.3
C0829,21,Male,Karachi,227863,14998,8,2,6638,132,0.2,2.5
C0830,19,Male,Islamabad,130742,73170,7,5,14955,95,0.72,2.6
C0831,50,Male,Islamabad,199177,17399,6,4,3893,287,0.4,3.6
C0832,32,Male,Karachi,216948,66585,7,6,11215,16,0.39,3.6
C0833,22,Female,Peshawar,223451,93290,14,13,7235,265,0.98,2.8
C0834,52,Male,Islamabad,79673,500,1,0,11908,78,0.33,4.1
C0835,62,Female,Faisalabad,65396,58856,5,6,10085,205,0.51,4.4
C0836,50,Male,Lahore,41121,500,3,0,5560,229,0.76,4.0
C0837,21,Male,Islamabad,291476,27565,7,7,3848,29,0.24,4.3
C0838,46,Female,Lahore,175818,8169,5,7,1148,222,0.65,3.2
C0839,19,Male,Islamabad,209688,101572,8,9,11395,123,0.61,3.5
C0840,38,Male,Faisalabad,33168,29851,11,10,3653,82,0.94,2.8
C0841,29,Male,Lahore,296036,65908,12,12,5603,111,0.24,2.9
C0842,33,Female,Islamabad,265023,103603,9,7,14629,256,0.08,4.9
C0843,43,Female,Lahore,276789,49939,4,4,12541,89,0.82,4.5
C0844,19,Female,Faisalabad,73637,20702,8,2,10251,88,0.55,2.9
C0845,42,Female,Islamabad,267818,65318,7,8,8378,180,0.14,3.7
C0846,27,Male,Karachi,36728,33055,11,7,6631,217,0.93,4.9
C0847,65,Female,Faisalabad,286665,14677,4,9,1667,29,0.99,2.8
C0848,54,Male,Lahore,258745,116275,12,9,12813,188,0.51,3.7
C0849,62,Female,Karachi,232025,40186,12,9,4470,27,0.92,3.4
C0850,63,Male,Lahore,167012,500,2,0,2914,136,0.6,4.9
C0851,28,Male,Karachi,78394,892,3,0,7015,51,0.52,3.0
C0852,45,Male,Faisalabad,162577,28402,6,3,9235,205,0.59,4.3
C0853,64,Male,Karachi,210561,21469,8,5,3932,213,0.7,2.5
C0854,28,Female,Karachi,80788,72709,12,12,9100,157,0.73,2.9
C0855,41,Male,Lahore,133819,6763,4,3,2306,300,0.81,3.0
C0856,21,Male,Lahore,165975,93207,14,12,7720,65,0.87,2.9
C0857,36,Male,Faisalabad,95369,79721,7,8,10095,254,0.49,4.4
C0858,18,Male,Islamabad,33788,500,5,1,1185,118,0.52,2.5
C0859,56,Female,Faisalabad,278109,23574,8,4,6014,185,1.0,4.5
C0860,41,Female,Faisalabad,60011,54009,14,11,13709,11,0.46,4.2
C0861,64,Male,Karachi,94432,72813,9,6,11956,137,0.37,4.0
C0862,60,Female,Peshawar,246597,67646,7,6,10954,174,0.02,3.4
C0863,20,Female,Faisalabad,152451,32860,5,3,10536,51,0.35,4.8
C0864,48,Male,Faisalabad,184068,14881,4,1,14751,268,0.03,3.7
C0865,23,Female,Peshawar,274739,21529,9,9,2395,286,0.24,3.0
C0866,60,Male,Karachi,258009,42640,8,7,5849,206,0.77,3.1
C0867,34,Female,Karachi,101175,66850,11,8,8560,180,0.87,4.8
C0868,56,Male,Islamabad,227661,110965,12,9,12378,297,0.97,3.6
C0869,32,Male,Islamabad,90654,43551,7,7,6074,106,0.74,2.8
C0870,41,Male,Islamabad,229331,9494,7,6,1513,284,0.19,3.5
C0871,45,Female,Islamabad,96221,6714,3,2,4139,212,0.01,4.6
C0872,38,Male,Islamabad,144768,30222,4,3,10354,84,0.75,4.6
C0873,62,Male,Peshawar,197845,21818,4,9,2522,254,0.63,3.0
C0874,36,Female,Karachi,204663,159334,10,11,14394,125,0.7,2.6
C0875,29,Female,Faisalabad,186815,142672,12,10,14402,21,0.55,3.3
C0876,61,Female,Islamabad,235186,29978,5,6,5137,109,0.7,3.9
C0877,24,Male,Islamabad,58376,48657,10,6,7996,93,0.58,3.6
C0878,48,Female,Lahore,139977,125979,8,10,12547,14,0.36,4.6
C0879,24,Male,Faisalabad,253929,5503,7,5,1422,192,0.97,2.9
C0880,21,Male,Peshawar,207464,959,1,0,10772,216,0.25,2.8
C0881,43,Female,Islamabad,120432,36759,6,3,11834,55,0.78,4.7
C0882,59,Female,Islamabad,263370,9617,6,6,1853,260,0.64,4.8
C0883,32,Male,Peshawar,281395,122054,7,9,13514,102,0.38,5.0
C0884,62,Female,Islamabad,95659,86093,8,7,14626,285,0.18,4.5
C0885,19,Female,Peshawar,286147,122213,13,13,9330,73,0.75,3.0
C0886,60,Male,Lahore,124339,49344,11,9,5649,30,0.13,3.0
C0887,28,Male,Peshawar,164616,15331,8,6,2543,162,0.36,3.9
C0888,45,Male,Lahore,187600,168840,14,13,13325,283,0.44,3.9
C0889,62,Female,Peshawar,214610,33718,5,3,11771,32,0.24,3.0
C0890,37,Male,Lahore,143267,37883,5,3,12445,226,0.07,3.1
C0891,42,Male,Faisalabad,269110,61595,9,8,7468,83,0.54,2.7
C0892,64,Female,Lahore,225109,18235,4,2,8879,93,0.42,2.9
C0893,45,Female,Karachi,159760,19217,9,8,2302,290,0.41,3.3
C0894,23,Female,Islamabad,173263,57836,11,12,4983,60,0.38,4.9
C0895,42,Male,Karachi,122133,1364,1,0,10147,260,0.1,3.4
C0896,54,Female,Peshawar,172110,500,3,0,3297,209,0.18,4.5
C0897,61,Female,Faisalabad,96884,87195,7,9,12185,74,0.14,3.9
C0898,35,Male,Islamabad,160606,22749,6,3,8000,234,0.99,4.5
C0899,50,Female,Islamabad,254272,26609,3,2,13836,166,0.64,2.7
C0900,37,Female,Islamabad,77259,24030,7,5,4432,57,0.17,2.6
C0901,65,Female,Peshawar,288395,45449,8,6,7446,270,0.93,2.8
C0902,49,Male,Faisalabad,37287,500,3,0,12721,227,0.7,4.4
C0903,33,Male,Peshawar,265222,150618,12,10,14949,278,0.9,2.9
C0904,41,Male,Peshawar,215226,59097,11,9,6711,201,0.97,3.3
C0905,61,Male,Peshawar,91795,37568,7,8,4837,11,0.74,3.9
C0906,31,Female,Peshawar,48575,43717,13,10,14399,39,0.36,4.0
C0907,39,Female,Islamabad,86184,42246,14,12,3550,191,0.01,3.6
C0908,30,Male,Peshawar,299651,57423,10,7,8485,89,0.77,3.1
C0909,48,Female,Islamabad,186911,47764,3,5,9288,147,0.11,3.6
C0910,46,Male,Lahore,215460,91421,7,6,14976,111,0.11,3.2
C0911,26,Female,Faisalabad,203651,28204,9,7,3760,255,0.96,5.0
C0912,25,Female,Faisalabad,289820,30186,9,5,5822,214,0.5,4.8
C0913,42,Male,Karachi,86559,36876,8,6,6138,16,0.77,3.1
C0914,61,Female,Faisalabad,34209,30788,5,5,8461,229,0.25,2.9
C0915,50,Male,Lahore,177397,34965,8,3,11984,229,0.2,4.3
C0916,24,Male,Lahore,107975,8145,8,8,1128,108,0.93,3.6
C0917,57,Male,Karachi,56715,51043,5,6,11971,128,0.22,3.6
C0918,21,Female,Karachi,189535,63424,10,10,6251,224,0.25,4.7
C0919,29,Male,Karachi,57331,15455,6,3,5174,153,0.91,2.8
C0920,29,Female,Faisalabad,220621,78275,7,7,11460,292,0.77,2.8
C0921,41,Female,Peshawar,224821,80157,8,8,10073,54,0.89,2.8
C0922,65,Male,Karachi,129842,19466,9,10,2116,289,0.62,3.3
C0923,48,Male,Peshawar,110568,77066,9,8,9519,139,0.89,4.4
C0924,53,Female,Islamabad,265133,28857,6,4,7645,257,0.42,4.8
C0925,50,Male,Lahore,173732,8134,7,5,1244,299,0.06,4.9
C0926,30,Female,Faisalabad,299215,89679,9,7,12799,206,0.56,3.5
C0927,56,Female,Lahore,126503,92662,11,9,10201,14,0.88,4.5
C0928,47,Female,Islamabad,145519,15857,7,7,2451,124,0.05,3.1
C0929,20,Male,Islamabad,99715,89743,7,9,11025,117,0.53,2.5
C0930,40,Female,Islamabad,73644,49217,13,10,4826,78,0.41,4.0
C0931,38,Male,Karachi,216375,43183,9,13,3395,18,0.54,4.9
C0932,55,Male,Faisalabad,164922,55994,10,6,9525,236,0.22,3.2
C0933,55,Female,Lahore,263861,63997,8,10,6539,255,0.09,3.0
C0934,29,Male,Lahore,287172,33933,9,7,5121,168,0.16,2.9
C0935,43,Male,Karachi,105247,94722,10,9,11069,216,0.1,3.8
C0936,64,Male,Peshawar,82287,74058,7,6,14042,32,0.13,4.4
C0937,35,Male,Peshawar,37076,33368,8,6,13470,287,0.74,3.3
C0938,63,Male,Lahore,102996,24677,4,3,7779,93,0.31,3.7
C0939,33,Male,Peshawar,170224,54242,6,4,14015,62,0.54,2.8
C0940,44,Male,Karachi,147604,28587,11,10,2914,156,0.23,4.7
C0941,42,Male,Faisalabad,118897,40399,10,8,5117,49,0.62,2.8
C0942,23,Male,Peshawar,109221,98298,9,10,10324,227,0.15,4.2
C0943,37,Female,Islamabad,84485,54197,7,8,6547,145,0.81,4.3
C0944,22,Male,Lahore,106854,87489,6,7,12318,254,0.81,2.8
C0945,45,Female,Lahore,77420,69678,7,7,13075,190,0.32,3.6
C0946,62,Female,Peshawar,204831,62961,12,14,4528,224,0.55,3.8
C0947,49,Male,Faisalabad,73839,31081,5,3,9967,122,0.7,3.1
C0948,18,Male,Karachi,220001,500,1,0,2304,188,0.36,4.6
C0949,26,Female,Faisalabad,105570,35983,9,5,7398,117,0.83,2.6
C0950,26,Male,Lahore,227898,21896,7,3,7458,37,0.7,4.2
C0951,22,Female,Peshawar,112928,15149,10,9,1794,49,0.01,4.6
C0952,44,Male,Lahore,276292,25776,7,2,11945,163,0.47,4.3
C0953,46,Male,Islamabad,88335,13812,11,13,1026,98,0.5,2.5
C0954,45,Female,Peshawar,165294,95907,11,8,12122,226,0.93,3.2
C0955,23,Female,Lahore,141077,40314,7,6,6927,296,0.61,2.7
C0956,62,Female,Faisalabad,194201,18874,6,3,6733,37,0.8,4.1
C0957,30,Female,Karachi,84735,76261,11,11,14370,24,0.24,2.9
C0958,24,Male,Lahore,35755,32179,8,5,9538,26,0.24,2.7
C0959,54,Male,Peshawar,283654,48038,10,9,5556,192,0.75,4.9
C0960,50,Male,Islamabad,234808,763,6,0,12012,59,0.33,4.7
C0961,50,Male,Peshawar,108741,97866,13,12,8314,29,0.29,2.9
C0962,47,Male,Karachi,151409,88320,12,8,11218,92,0.99,3.8
C0963,64,Female,Faisalabad,98785,88906,6,7,14523,230,0.04,4.3
C0964,61,Female,Lahore,139482,30282,12,10,2996,264,0.1,2.5
C0965,37,Male,Faisalabad,79342,25376,6,5,5343,44,0.28,3.4
C0966,23,Male,Lahore,271561,38677,7,8,4694,236,0.65,2.9
C0967,25,Female,Karachi,220564,87784,9,6,14541,76,0.44,3.8
C0968,57,Female,Islamabad,73773,16011,6,3,4806,31,0.62,4.1
C0969,65,Male,Peshawar,34164,30747,8,7,6657,214,0.85,3.1
C0970,47,Male,Islamabad,274254,55528,4,4,13906,65,0.09,4.3
C0971,43,Female,Lahore,240512,62397,6,6,10401,118,0.7,3.7
C0972,35,Female,Karachi,111653,27290,9,7,3997,300,0.03,4.0
C0973,42,Male,Islamabad,255501,33275,10,8,3965,21,0.95,4.2
C0974,35,Female,Lahore,73825,15763,9,9,1838,241,0.87,3.8
C0975,60,Female,Lahore,58176,52358,13,14,6103,162,0.16,3.4
C0976,44,Female,Faisalabad,114247,102822,11,9,11852,209,0.82,3.9
C0977,56,Male,Karachi,105821,95238,4,8,12531,172,0.01,4.7
C0978,27,Female,Islamabad,89562,24157,9,5,4805,11,0.99,4.9
C0979,26,Female,Peshawar,81089,39035,12,11,3574,289,0.77,4.0
C0980,31,Female,Lahore,130222,6131,11,9,735,196,0.02,4.7
C0981,50,Male,Faisalabad,269074,70561,5,5,14068,228,0.52,4.4
C0982,25,Male,Faisalabad,254596,19207,5,6,3164,233,0.38,4.6
C0983,62,Female,Islamabad,82022,22567,13,11,2200,18,0.62,3.5
C0984,49,Male,Faisalabad,293906,32982,7,6,5249,225,0.21,4.4
C0985,53,Female,Karachi,132529,39427,12,6,6244,247,0.41,4.6
C0986,63,Female,Karachi,226421,21138,8,4,4884,145,0.31,4.8
C0987,44,Male,Karachi,247347,93690,8,7,13451,275,0.82,4.0
C0988,39,Male,Peshawar,255454,44396,8,12,3656,211,0.83,4.5
C0989,54,Female,Lahore,234688,40102,9,7,5712,91,0.44,2.7
C0990,26,Male,Peshawar,46111,162224,1,1,162224,5,0.0,3.3
C0991,19,Female,Karachi,69734,233160,1,1,233160,5,0.0,4.3
C0992,58,Female,Lahore,64779,184141,1,1,184141,5,0.0,4.5
C0993,60,Male,Islamabad,48040,164034,1,1,164034,5,0.0,4.8
C0994,27,Female,Islamabad,41438,204230,1,1,204230,5,0.0,3.7
C0995,22,Female,Karachi,140255,17506,6,3,5637,240,0.81,2.9
C0996,18,Male,Peshawar,46489,41840,10,10,6181,289,0.01,3.8
C0997,34,Male,Lahore,45495,37525,4,3,12967,120,0.87,2.8
C0998,31,Male,Islamabad,102647,24826,8,10,2573,150,0.48,4.9
C0999,40,Female,Faisalabad,289942,6350,1,2,3663,98,0.2,4.6
C1000,63,Female,Faisalabad,83946,500,3,0,5605,115,0.95,3.7
